indice,pmos,nmos,nodo,saida,corrente,LETth
1,4.8108,4.372,g2,g2,103.125,51835317.460317455
2,4.7443,4.3136,g2,g2,81.25,40839947.08994709
3,4.828,4.3525,g2,g2,106.25,53406084.65608465
4,4.8825,4.4941,i82,g2,95.703125,48104745.370370366
5,4.8946,4.3867,e8,g2,123.046875,61848958.333333336
6,5.0332,4.2409,ne5,g1,155.859375,78342013.8888889
7,4.7088,4.4198,g2,g2,68.75,34556878.306878306
8,4.8467,4.336,g2,g2,112.5,56547619.047619045
9,4.9261,4.3954,e8,g2,125.78125,63223379.62962963
10,4.7805,4.3342,g2,g2,93.75,47123015.87301587
11,4.8382,4.4122,e8,g2,110.15625,55369543.65079365
12,4.796,4.3931,g2,g2,96.875,48693783.06878307
13,4.7511,4.4338,g2,g2,82.8125,41625330.68783069
14,4.8645,4.2814,g2,g2,118.75,59689153.43915344
15,4.7153,4.4167,g2,g2,71.875,36127645.50264551
16,4.8885,4.3999,e8,g2,120.703125,60670882.93650793
17,4.8595,4.2347,g2,g2,118.75,59689153.43915344
18,4.8305,4.4304,e8,g2,107.03125,53798776.45502645
19,4.8778,4.2758,g2,g2,125.0,62830687.830687836
20,4.7074,4.1935,g2,g2,68.75,34556878.306878306
21,4.8689,4.405,e8,g2,116.796875,58707423.94179894
22,4.7934,4.3194,g2,g2,96.875,48693783.06878307
23,4.6845,4.3341,g2,g2,60.9375,30629960.317460313
24,4.9587,4.4807,i82,g2,102.734375,51638971.56084656
25,4.9492,4.3537,e8,g2,133.984375,67346643.51851852
26,4.8447,4.3248,g2,g2,112.5,56547619.047619045
27,4.7551,4.2714,g2,g2,84.375,42410714.285714276
28,4.8415,4.3017,g2,g2,112.5,56547619.047619045
29,4.9399,4.4206,e8,g2,122.65625,61652612.433862425
30,4.8704,4.3419,g2,g2,118.75,59689153.43915344
31,4.8514,4.4497,e8,g2,109.375,54976851.85185184
32,4.8267,4.3218,g2,g2,106.25,53406084.65608465
33,4.7034,4.3014,g2,g2,67.1875,33771494.70899471
34,4.7394,4.3388,g2,g2,79.6875,40054563.49206349
35,4.7605,4.2704,g2,g2,85.9375,43196097.88359788
36,4.9256,4.3392,e8,g2,133.203125,66953951.71957671
37,4.9531,4.3532,e8,g2,134.375,67542989.41798942
38,4.7616,4.3678,g2,g2,87.5,43981481.48148148
39,4.6957,4.4392,g2,g2,64.0625,32200727.51322751
40,4.8066,4.3299,g2,g2,100.0,50264550.26455026
41,4.8459,4.444,e8,g2,108.984375,54780505.95238095
42,4.8523,4.4294,e8,g2,111.328125,55958581.34920634
43,4.8389,4.3227,g2,g2,112.5,56547619.047619045
44,4.8405,4.3528,g2,g2,112.5,56547619.047619045
45,4.8611,4.386,e8,g2,117.1875,58903769.841269836
46,4.9336,4.333,e8,g2,135.15625,67935681.21693121
47,4.9261,4.325,e8,g2,135.15625,67935681.21693121
48,4.7783,4.3863,g2,g2,90.625,45552248.67724867
49,4.7897,4.4392,e8,g2,96.484375,48497437.16931217
50,4.7601,4.4461,g2,g2,85.9375,43196097.88359788
51,4.8609,4.3226,g2,g2,118.75,59689153.43915344
52,4.6305,4.3942,g2,g2,43.75,21990740.74074074
53,4.8074,4.3021,g2,g2,100.0,50264550.26455026
54,4.7673,4.3841,g2,g2,87.5,43981481.48148148
55,4.7679,4.2136,g2,g2,87.5,43981481.48148148
56,4.8522,4.4176,e8,g2,112.5,56547619.047619045
57,5.0057,4.361,e8,g2,135.15625,67935681.21693121
58,4.9045,4.3897,e8,g2,124.21875,62437996.03174604
59,4.868,4.3194,g2,g2,118.75,59689153.43915344
60,4.7811,4.4078,g2,g2,93.75,47123015.87301587
61,4.8114,4.3905,g2,g2,103.125,51835317.460317455
62,4.8185,4.3119,g2,g2,106.25,53406084.65608465
63,4.8767,4.4286,e8,g2,115.625,58118386.24338624
64,4.9244,4.3602,e8,g2,130.46875,65579530.42328042
65,4.8675,4.3418,g2,g2,118.75,59689153.43915344
66,4.9051,4.4385,e8,g2,117.578125,59100115.74074074
67,4.9926,4.4734,i82,g2,105.859375,53209738.756613754
68,4.8424,4.405,e8,g2,111.71875,56154927.248677246
69,4.7178,4.3594,g2,g2,71.875,36127645.50264551
70,4.7778,4.3024,g2,g2,90.625,45552248.67724867
71,4.8646,4.2175,g2,g2,118.75,59689153.43915344
72,4.8234,4.3605,g2,g2,106.25,53406084.65608465
73,4.9027,4.5123,i82,g2,87.890625,44177827.38095238
74,4.7258,4.3938,g2,g2,75.0,37698412.6984127
75,4.6887,4.4063,g2,g2,62.5,31415343.915343918
76,4.74,4.3268,g2,g2,79.6875,40054563.49206349
77,4.7522,4.3008,g2,g2,84.375,42410714.285714276
78,4.6815,4.4962,g2,g2,59.375,29844576.71957672
79,4.8238,4.499,i82,g2,92.578125,46533978.17460317
80,4.9165,4.2525,g2,g2,131.25,65972222.222222224
81,4.8544,4.4078,e8,g2,113.671875,57136656.74603174
82,4.872,4.332,g1,g1,118.75,59689153.43915344
83,4.7957,4.412,g2,g2,96.875,48693783.06878307
84,4.9469,4.464,i82,g2,109.765625,55173197.751322754
85,4.7872,4.304,g2,g2,93.75,47123015.87301587
86,4.6705,4.3601,g2,g2,56.25,28273809.523809522
87,4.9116,4.2732,g2,g2,131.25,65972222.222222224
88,4.7729,4.2552,g2,g2,90.625,45552248.67724867
89,4.9251,4.256,g2,g2,137.5,69113756.61375661
90,4.776,4.3444,g2,g2,90.625,45552248.67724867
91,4.7618,4.4358,g2,g2,87.5,43981481.48148148
92,4.8436,4.3764,g2,g2,112.5,56547619.047619045
93,4.7488,4.4083,g2,g2,82.8125,41625330.68783069
94,4.7068,4.32,g2,g2,68.75,34556878.306878306
95,4.7929,4.3246,g2,g2,96.875,48693783.06878307
96,4.7641,4.3548,g2,g2,87.5,43981481.48148148
97,4.842,4.3649,g2,g2,112.5,56547619.047619045
98,4.7778,4.3873,g2,g2,90.625,45552248.67724867
99,4.8768,4.2979,g2,g2,125.0,62830687.830687836
100,4.7784,4.2645,g2,g2,90.625,45552248.67724867
101,4.9064,4.2057,g2,g2,131.25,65972222.222222224
102,4.8442,4.4644,e8,g2,107.03125,53798776.45502645
103,4.8476,4.3547,g2,g2,112.5,56547619.047619045
104,4.8003,4.3854,g2,g2,100.0,50264550.26455026
105,4.8755,4.4023,e8,g2,118.359375,59492807.53968254
106,4.7002,4.3849,g2,g2,65.625,32986111.111111112
107,4.7492,4.3607,g2,g2,82.8125,41625330.68783069
108,4.8556,4.4036,e8,g2,114.453125,57529348.544973545
109,4.7299,4.4186,g2,g2,75.0,37698412.6984127
110,4.8264,4.3807,g2,g2,106.25,53406084.65608465
111,4.7026,4.2969,g2,g2,67.1875,33771494.70899471
112,4.7686,4.4341,g2,g2,89.0625,44766865.079365075
113,4.7887,4.4867,g1,g1,93.75,47123015.87301587
114,4.7064,4.3136,g2,g2,68.75,34556878.306878306
115,4.8397,4.2632,g2,g2,112.5,56547619.047619045
116,4.7418,4.3117,g1,g1,79.6875,40054563.49206349
117,4.7596,4.3935,g2,g2,85.9375,43196097.88359788
118,4.8566,4.1717,g2,g2,118.75,59689153.43915344
119,4.9083,4.4518,i82,g2,115.234375,57922040.34391534
120,4.7155,4.3111,g2,g2,71.875,36127645.50264551
121,4.7175,4.4247,g2,g2,71.875,36127645.50264551
122,4.8908,4.3314,g2,g2,125.0,62830687.830687836
123,4.8912,4.4459,e8,g2,115.234375,57922040.34391534
124,4.849,4.4625,e8,g2,107.8125,54191468.253968254
125,4.8462,4.4099,e8,g2,112.109375,56351273.14814815
126,4.8443,4.4133,e8,g2,111.328125,55958581.34920634
127,4.528,4.4223,g2,g2,17.578125,8835565.476190476
128,4.7239,4.5817,i82,g2,57.421875,28862847.22222222
129,4.6304,4.3319,g2,g2,43.75,21990740.74074074
130,4.7857,4.3401,g2,g2,93.75,47123015.87301587
131,4.7161,4.3236,g2,g2,71.875,36127645.50264551
132,4.8394,4.4987,i82,g2,93.359375,46926669.97354497
133,4.8752,4.5452,i82,g2,73.046875,36716683.201058194
134,4.9645,4.3089,ne5,g1,141.796875,71273561.50793651
135,4.8874,4.3464,g2,g2,125.0,62830687.830687836
136,4.8481,4.1974,g2,g2,112.5,56547619.047619045
137,4.6806,4.5147,g2,g2,59.375,29844576.71957672
138,4.834,4.3995,g2,g2,109.375,54976851.85185184
139,4.8107,4.4628,e8,g2,100.390625,50460896.16402116
140,4.9632,4.4466,i82,g2,117.578125,59100115.74074074
141,4.692,4.3487,g2,g2,63.28125,31808035.714285716
142,4.7659,4.3078,g2,g2,87.5,43981481.48148148
143,4.7442,4.34,g2,g2,81.25,40839947.08994709
144,4.927,4.4683,e1,g1,107.421875,53995122.35449736
145,4.8619,4.3705,g2,g2,118.75,59689153.43915344
146,4.9152,4.3903,e8,g2,125.390625,63027033.73015872
147,4.9722,4.4371,e8,g2,120.3125,60474537.03703703
148,4.8445,4.4268,e8,g2,110.15625,55369543.65079365
149,4.9611,4.3888,e8,g2,128.90625,64794146.82539683
150,4.8441,4.2875,g2,g2,112.5,56547619.047619045
151,4.7732,4.4266,g2,g2,90.625,45552248.67724867
152,4.9224,4.3846,e8,g2,126.953125,63812417.32804233
153,4.7739,4.3944,g2,g2,90.625,45552248.67724867
154,4.7803,4.4681,e8,g2,92.96875,46730324.07407407
155,4.7039,4.3688,g2,g2,67.1875,33771494.70899471
156,4.8399,4.4471,e8,g2,107.8125,54191468.253968254
157,4.7324,4.3413,g2,g2,76.5625,38483796.2962963
158,4.6723,4.5305,g2,g2,57.03125,28666501.32275132
159,4.9605,4.3956,e8,g2,128.125,64401455.02645502
160,4.9101,4.3591,e8,g2,128.515625,64597800.92592592
161,4.7859,4.3442,g2,g2,93.75,47123015.87301587
162,4.7351,4.2264,g2,g2,78.125,39269179.894179896
163,4.8374,4.4682,e8,g2,105.46875,53013392.85714285
164,4.8753,4.3597,e8,g2,122.65625,61652612.433862425
165,4.8275,4.2139,g2,g2,106.25,53406084.65608465
166,4.8743,4.3121,g2,g2,121.875,61259920.63492063
167,4.7554,4.3336,g2,g2,84.375,42410714.285714276
168,4.8871,4.3773,e8,g2,123.046875,61848958.333333336
169,4.7571,4.3518,g2,g2,84.375,42410714.285714276
170,4.894,4.3578,g1,g1,125.0,62830687.830687836
171,4.781,4.5176,i82,g2,84.765625,42607060.18518519
172,4.7657,4.4646,g2,g2,87.5,43981481.48148148
173,4.7339,4.3773,g2,g2,78.125,39269179.894179896
174,4.7922,4.4293,g2,g2,96.875,48693783.06878307
175,4.8471,4.3964,g2,g2,112.5,56547619.047619045
176,4.8136,4.396,g2,g2,103.125,51835317.460317455
177,4.7277,4.3644,g2,g2,75.0,37698412.6984127
178,4.8423,4.4785,i82,g2,101.953125,51246279.76190476
179,4.779,4.3587,g2,g2,93.75,47123015.87301587
180,4.8615,4.3613,g2,g2,118.75,59689153.43915344
181,4.8572,4.3857,e8,g2,116.40625,58511078.04232804
182,4.8258,4.3352,g2,g2,106.25,53406084.65608465
183,4.6275,4.4026,g2,g2,42.96875,21598048.94179894
184,4.9004,4.3917,e8,g2,123.4375,62045304.232804224
185,4.9079,4.3205,g2,g2,131.25,65972222.222222224
186,4.7601,4.2659,g2,g2,85.9375,43196097.88359788
187,5.0364,4.4799,i82,g2,102.734375,51638971.56084656
188,4.8318,4.3019,g2,g2,109.375,54976851.85185184
189,4.8771,4.3291,g2,g2,125.0,62830687.830687836
190,4.8033,4.3406,g2,g2,100.0,50264550.26455026
191,4.9151,4.4814,i82,g2,101.953125,51246279.76190476
192,4.8379,4.2738,g2,g2,112.5,56547619.047619045
193,4.8728,4.3952,e8,g2,118.359375,59492807.53968254
194,4.9202,4.4529,i82,g2,114.453125,57529348.544973545
195,4.8662,4.4207,e8,g2,114.84375,57725694.44444444
196,4.8234,4.3133,g2,g2,106.25,53406084.65608465
197,4.8103,4.4046,g2,g2,103.125,51835317.460317455
198,4.7512,4.2424,g2,g2,82.8125,41625330.68783069
199,4.7699,4.2828,g2,g2,90.625,45552248.67724867
200,4.8563,4.3037,g2,g2,118.75,59689153.43915344
201,4.8816,4.4705,e1,g1,105.859375,53209738.756613754
202,4.7941,4.3197,g2,g2,96.875,48693783.06878307
203,4.7869,4.215,g2,g2,93.75,47123015.87301587
204,4.7626,4.3293,g2,g2,87.5,43981481.48148148
205,4.8774,4.3606,e8,g2,123.046875,61848958.333333336
206,4.7574,4.4651,g2,g2,84.375,42410714.285714276
207,4.8715,4.3784,g2,g2,118.75,59689153.43915344
208,4.8435,4.4751,i82,g2,103.515625,52031663.35978836
209,4.9192,4.5223,i82,g2,83.203125,41821676.58730159
210,4.9428,4.4499,i82,g2,116.015625,58314732.14285714
211,4.9315,4.3179,e8,g2,136.71875,68721064.8148148
212,4.9447,4.4004,e8,g2,126.5625,63616071.42857143
213,4.7629,4.3833,g2,g2,87.5,43981481.48148148
214,4.7604,4.413,g2,g2,85.9375,43196097.88359788
215,4.8702,4.4607,i82,g2,110.546875,55565889.55026455
216,4.861,4.3134,g2,g2,118.75,59689153.43915344
217,4.7405,4.2489,g2,g2,79.6875,40054563.49206349
218,4.7536,4.2598,g2,g2,84.375,42410714.285714276
219,4.837,4.4124,e8,g2,109.765625,55173197.751322754
220,4.8937,4.3312,g2,g2,125.0,62830687.830687836
221,4.7732,4.2559,g2,g2,90.625,45552248.67724867
222,4.743,4.2981,g2,g2,81.25,40839947.08994709
223,4.8394,4.3827,g2,g2,112.5,56547619.047619045
224,4.7135,4.373,g2,g2,70.3125,35342261.9047619
225,4.9638,4.3705,e8,g2,132.03125,66364914.021164015
226,4.6953,4.2086,g2,g2,64.0625,32200727.51322751
227,4.8121,4.4559,e8,g2,101.171875,50853587.96296296
228,4.7935,4.363,g2,g2,96.875,48693783.06878307
229,4.7622,4.4033,g2,g2,87.5,43981481.48148148
230,4.8943,4.4049,e8,g2,120.703125,60670882.93650793
231,4.7655,4.3632,g2,g2,87.5,43981481.48148148
232,4.7973,4.1753,g2,g2,96.875,48693783.06878307
233,4.8728,4.3649,g2,g2,118.75,59689153.43915344
234,4.8612,4.3469,g2,g2,118.75,59689153.43915344
235,4.7063,4.4734,g2,g2,68.75,34556878.306878306
236,4.8072,4.4908,i82,g2,96.484375,48497437.16931217
237,4.8261,4.382,g2,g2,106.25,53406084.65608465
238,4.5881,4.3755,g2,g2,31.640625,15904017.857142858
239,4.7892,4.4805,e8,g2,94.921875,47712053.57142857
240,4.8954,4.4036,e8,g2,121.09375,60867228.835978836
241,4.8724,4.3377,g1,g1,118.75,59689153.43915344
242,4.9094,4.3121,g2,g2,131.25,65972222.222222224
243,4.7691,4.2844,g2,g2,89.0625,44766865.079365075
244,4.764,4.4512,g2,g2,87.5,43981481.48148148
245,4.8512,4.3306,g2,g2,115.625,58118386.24338624
246,4.8485,4.3331,g2,g2,112.5,56547619.047619045
247,4.8464,4.3344,g2,g2,112.5,56547619.047619045
248,4.7772,4.3992,g2,g2,90.625,45552248.67724867
249,4.8612,4.4462,e8,g2,111.328125,55958581.34920634
250,4.7171,4.2947,g2,g2,71.875,36127645.50264551
251,4.7874,4.3362,g2,g2,93.75,47123015.87301587
252,4.8004,4.3578,g2,g2,100.0,50264550.26455026
253,4.8009,4.2625,g2,g2,100.0,50264550.26455026
254,4.8417,4.3845,g2,g2,112.5,56547619.047619045
255,4.8834,4.4222,e8,g2,117.1875,58903769.841269836
256,4.8106,4.4,g2,g2,103.125,51835317.460317455
257,4.7668,4.244,g2,g2,87.5,43981481.48148148
258,4.9578,4.2701,g2,g2,143.75,72255291.00529101
259,4.7528,4.3373,g2,g2,84.375,42410714.285714276
260,4.8162,4.3778,g2,g2,106.25,53406084.65608465
261,4.8118,4.2832,g2,g2,103.125,51835317.460317455
262,4.6695,4.3959,g2,g2,56.25,28273809.523809522
263,4.8721,4.5082,i82,g2,89.453125,44963210.97883598
264,4.8937,4.4984,i82,g2,94.140625,47319361.772486776
265,4.7366,4.4058,g2,g2,78.125,39269179.894179896
266,4.8612,4.3354,g2,g2,118.75,59689153.43915344
267,4.6772,4.4422,g2,g2,57.8125,29059193.12169312
268,4.8231,4.3221,g2,g2,106.25,53406084.65608465
269,4.8754,4.2976,g2,g2,125.0,62830687.830687836
270,4.7542,4.432,g2,g2,84.375,42410714.285714276
271,4.7974,4.4052,g2,g2,100.0,50264550.26455026
272,4.8373,4.4364,e8,g2,107.8125,54191468.253968254
273,4.6546,4.3533,g2,g2,50.78125,25524966.93121693
274,4.9718,4.3358,e8,g2,138.28125,69506448.41269842
275,4.7457,4.3301,g2,g2,81.25,40839947.08994709
276,4.8266,4.3668,g2,g2,106.25,53406084.65608465
277,4.7442,4.3966,g2,g2,81.25,40839947.08994709
278,4.8955,4.3188,g1,g1,128.125,64401455.02645502
279,4.6585,4.3264,g2,g2,52.34375,26310350.529100526
280,4.8648,4.29,g2,g2,118.75,59689153.43915344
281,4.8369,4.4563,e8,g2,106.25,53406084.65608465
282,4.8337,4.4463,e8,g2,106.640625,53602430.55555555
283,4.791,4.3504,g2,g2,96.875,48693783.06878307
284,4.8458,4.5335,i82,g2,77.734375,39072833.99470899
285,4.7542,4.4357,g2,g2,84.375,42410714.285714276
286,4.8079,4.3874,g2,g2,103.125,51835317.460317455
287,4.8175,4.3193,g2,g2,106.25,53406084.65608465
288,4.8198,4.4047,g2,g2,106.25,53406084.65608465
289,4.8777,4.4525,e8,g2,112.890625,56743964.94708995
290,4.7382,4.3981,g2,g2,78.125,39269179.894179896
291,4.9401,4.3834,e8,g2,128.90625,64794146.82539683
292,4.7772,4.4685,g2,g2,90.625,45552248.67724867
293,4.9796,4.2783,ne5,g1,147.265625,74022404.10052909
294,4.8402,4.3588,g2,g2,112.5,56547619.047619045
295,4.8352,4.3928,e8,g2,110.9375,55762235.44973544
296,4.7307,4.4958,g2,g2,76.5625,38483796.2962963
297,4.8117,4.3205,g2,g2,103.125,51835317.460317455
298,4.8369,4.3339,g2,g2,112.5,56547619.047619045
299,4.9168,4.3534,e8,g2,130.078125,65383184.523809515
300,4.8266,4.3975,g2,g2,106.25,53406084.65608465
301,4.8412,4.3172,g2,g2,112.5,56547619.047619045
302,4.8966,4.4743,i82,g2,104.296875,52424355.15873016
303,4.72,4.4207,g2,g2,71.875,36127645.50264551
304,4.7926,4.3703,g2,g2,96.875,48693783.06878307
305,4.8247,4.4679,e8,g2,103.125,51835317.460317455
306,4.7571,4.4662,g2,g2,84.375,42410714.285714276
307,4.8829,4.2768,g2,g2,125.0,62830687.830687836
308,4.8986,4.3526,e8,g2,127.34375,64008763.227513224
309,4.9068,4.3501,e8,g2,128.90625,64794146.82539683
310,4.7861,4.4209,g2,g2,93.75,47123015.87301587
311,4.852,4.4304,e8,g2,111.328125,55958581.34920634
312,4.9033,4.314,g2,g2,131.25,65972222.222222224
313,4.6687,4.3596,g2,g2,55.46875,27881117.72486772
314,4.7654,4.1729,g2,g2,87.5,43981481.48148148
315,4.8561,4.3868,e8,g2,116.015625,58314732.14285714
316,4.8969,4.361,e8,g2,126.5625,63616071.42857143
317,4.7188,4.3664,g2,g2,71.875,36127645.50264551
318,4.8064,4.5039,i82,g2,91.015625,45748594.576719575
319,4.8578,4.4857,i82,g2,99.609375,50068204.365079366
320,4.8785,4.3152,g2,g2,125.0,62830687.830687836
321,4.767,4.3721,g2,g2,87.5,43981481.48148148
322,4.8238,4.4233,e8,g2,105.859375,53209738.756613754
323,4.8761,4.3292,g2,g2,125.0,62830687.830687836
324,4.7432,4.3042,g2,g2,81.25,40839947.08994709
325,4.8311,4.3983,g2,g2,109.375,54976851.85185184
326,4.803,4.2662,g2,g2,100.0,50264550.26455026
327,4.9568,4.2971,ne5,g1,142.578125,71666253.3068783
328,4.7268,4.3385,g2,g2,75.0,37698412.6984127
329,4.6871,4.4416,g2,g2,60.9375,30629960.317460313
330,4.779,4.3088,g1,g1,92.1875,46337632.27513227
331,4.7194,4.4156,g2,g2,71.875,36127645.50264551
332,4.7136,4.3611,g2,g2,70.3125,35342261.9047619
333,4.6729,4.4316,g2,g2,56.25,28273809.523809522
334,4.9666,4.3235,e8,g2,139.84375,70291832.010582
335,4.9122,4.2991,g2,g2,131.25,65972222.222222224
336,4.8632,4.3344,g2,g2,118.75,59689153.43915344
337,4.8775,4.2634,g2,g2,125.0,62830687.830687836
338,4.7561,4.3949,g2,g2,84.375,42410714.285714276
339,4.9034,4.3081,g2,g2,131.25,65972222.222222224
340,4.6213,4.3546,g2,g2,40.625,20419973.544973545
341,4.8623,4.3517,g2,g2,118.75,59689153.43915344
342,4.6783,4.3695,g2,g2,58.59375,29451884.920634918
343,4.771,4.4953,e8,g2,90.234375,45355902.777777776
344,4.6788,4.2581,g2,g2,59.375,29844576.71957672
345,4.7621,4.3141,g2,g2,87.5,43981481.48148148
346,4.8327,4.4181,e8,g2,108.59375,54584160.052910045
347,4.8856,4.3096,g2,g2,125.0,62830687.830687836
348,4.7936,4.4086,g2,g2,96.875,48693783.06878307
349,4.7705,4.5428,i82,g2,73.828125,37109375.0
350,4.843,4.4641,e8,g2,106.640625,53602430.55555555
351,4.908,4.3921,e8,g2,124.21875,62437996.03174604
352,4.8121,4.357,g2,g2,103.125,51835317.460317455
353,4.8965,4.3858,e8,g2,123.4375,62045304.232804224
354,4.7715,4.4249,g2,g2,90.625,45552248.67724867
355,4.7833,4.3436,g2,g2,93.75,47123015.87301587
356,4.873,4.3694,g1,g1,118.75,59689153.43915344
357,4.8113,4.289,g2,g2,103.125,51835317.460317455
358,4.7414,4.3871,g2,g2,79.6875,40054563.49206349
359,4.7126,4.2339,g2,g2,70.3125,35342261.9047619
360,4.872,4.4142,e8,g2,116.40625,58511078.04232804
361,4.8479,4.4631,e8,g2,107.421875,53995122.35449736
362,4.766,4.434,g2,g2,87.5,43981481.48148148
363,4.8855,4.3116,g2,g2,125.0,62830687.830687836
364,4.8671,4.4077,e8,g2,116.40625,58511078.04232804
365,4.7986,4.4238,e8,g2,99.609375,50068204.365079366
366,4.8065,4.4366,g2,g2,100.0,50264550.26455026
367,4.7817,4.4124,g2,g2,93.75,47123015.87301587
368,4.8104,4.4407,e8,g2,101.953125,51246279.76190476
369,4.859,4.3205,g2,g2,118.75,59689153.43915344
370,4.7937,4.3342,g2,g2,96.875,48693783.06878307
371,4.8195,4.5063,i82,g2,89.453125,44963210.97883598
372,4.8121,4.3498,g2,g2,103.125,51835317.460317455
373,4.8802,4.3446,g2,g2,125.0,62830687.830687836
374,4.7651,4.3747,g2,g2,87.5,43981481.48148148
375,4.7079,4.4168,g2,g2,68.75,34556878.306878306
376,4.7616,4.4265,g2,g2,87.5,43981481.48148148
377,4.6947,4.3729,g2,g2,64.0625,32200727.51322751
378,4.8245,4.3668,g2,g2,106.25,53406084.65608465
379,4.769,4.4103,g2,g2,89.0625,44766865.079365075
380,4.8042,4.3056,g2,g2,100.0,50264550.26455026
381,4.6825,4.4196,g2,g2,59.375,29844576.71957672
382,4.79,4.3885,g2,g2,96.875,48693783.06878307
383,4.8833,4.3254,g2,g2,125.0,62830687.830687836
384,4.8675,4.4157,e8,g2,115.625,58118386.24338624
385,4.8185,4.4503,e8,g2,103.125,51835317.460317455
386,4.8991,4.3392,e8,g2,128.90625,64794146.82539683
387,4.797,4.3425,g2,g2,96.875,48693783.06878307
388,4.8908,4.3529,g2,g2,125.0,62830687.830687836
389,4.6903,4.3571,g2,g2,62.5,31415343.915343918
390,4.8091,4.4226,e8,g2,102.34375,51442625.66137566
391,4.8521,4.4017,e8,g2,114.0625,57333002.64550264
392,4.859,4.3987,e8,g2,115.625,58118386.24338624
393,4.8108,4.33,g2,g2,103.125,51835317.460317455
394,5.0018,4.458,i82,g2,112.890625,56743964.94708995
395,4.8085,4.335,g2,g2,103.125,51835317.460317455
396,4.8413,4.3133,g2,g2,112.5,56547619.047619045
397,4.8128,4.3609,g2,g2,103.125,51835317.460317455
398,4.8878,4.3285,g2,g2,125.0,62830687.830687836
399,4.7254,4.4205,g2,g2,75.0,37698412.6984127
400,4.8472,4.3771,g2,g2,112.5,56547619.047619045
401,4.7125,4.3577,g2,g2,70.3125,35342261.9047619
402,4.835,4.2871,g2,g2,112.5,56547619.047619045
403,4.7957,4.3872,g2,g2,96.875,48693783.06878307
404,4.9167,4.3833,e8,g2,126.5625,63616071.42857143
405,4.9242,4.3247,ne5,g1,134.765625,67739335.3174603
406,4.9574,4.2888,ne5,g1,143.359375,72058945.1058201
407,4.9133,4.3321,g2,g2,131.25,65972222.222222224
408,4.8504,4.4601,e8,g2,108.203125,54387814.15343915
409,4.8768,4.3393,e8,g2,124.609375,62634341.931216925
410,4.8199,4.2903,g2,g2,106.25,53406084.65608465
411,4.6374,4.3374,g2,g2,45.3125,22776124.338624336
412,4.9157,4.4229,e8,g2,120.703125,60670882.93650793
413,4.8262,4.4781,i82,g2,101.953125,51246279.76190476
414,4.7042,4.4895,g2,g2,67.1875,33771494.70899471
415,4.9093,4.4203,e8,g2,120.3125,60474537.03703703
416,4.8355,4.4043,e8,g2,110.15625,55369543.65079365
417,4.8752,4.3315,g2,g2,125.0,62830687.830687836
418,4.7361,4.5239,g2,g2,78.125,39269179.894179896
419,4.8546,4.3832,e8,g2,116.015625,58314732.14285714
420,5.0235,4.3392,e8,g2,139.84375,70291832.010582
421,4.7812,4.41,g2,g2,93.75,47123015.87301587
422,4.8614,4.3315,g2,g2,118.75,59689153.43915344
423,4.9305,4.3363,e8,g2,134.375,67542989.41798942
424,4.8093,4.4061,g2,g2,103.125,51835317.460317455
425,4.7985,4.4777,e8,g2,96.875,48693783.06878307
426,4.78,4.4365,g2,g2,93.75,47123015.87301587
427,4.7324,4.3666,g2,g2,76.5625,38483796.2962963
428,4.8379,4.2761,g2,g2,112.5,56547619.047619045
429,4.7262,4.4484,g2,g2,75.0,37698412.6984127
430,4.8628,4.3887,e8,g2,117.1875,58903769.841269836
431,4.7141,4.2157,g2,g2,70.3125,35342261.9047619
432,4.7999,4.3007,g2,g2,100.0,50264550.26455026
433,4.721,4.4442,g2,g2,73.4375,36913029.100529104
434,4.7778,4.4342,g2,g2,90.625,45552248.67724867
435,4.8114,4.384,g2,g2,103.125,51835317.460317455
436,4.8262,4.5115,i82,g2,87.109375,43785135.58201058
437,4.8694,4.4033,e8,g2,117.1875,58903769.841269836
438,4.7705,4.3795,g2,g2,90.625,45552248.67724867
439,4.972,4.5776,i82,g2,59.765625,30040922.619047616
440,4.5961,4.2916,g2,g2,33.59375,16885747.354497354
441,4.6713,4.4033,g2,g2,56.25,28273809.523809522
442,4.6712,4.394,g2,g2,56.25,28273809.523809522
443,4.8435,4.4225,e8,g2,110.546875,55565889.55026455
444,4.7828,4.3712,g2,g2,93.75,47123015.87301587
445,4.6988,4.4401,g2,g2,65.625,32986111.111111112
446,5.0003,4.3563,e8,g2,135.9375,68328373.01587301
447,4.8348,4.3633,g2,g2,112.5,56547619.047619045
448,4.8633,4.4108,e8,g2,115.234375,57922040.34391534
449,4.7714,4.2885,g2,g2,90.625,45552248.67724867
450,4.622,4.3243,g2,g2,41.40625,20812665.343915343
451,4.7752,4.4236,g2,g2,90.625,45552248.67724867
452,4.715,4.4124,g2,g2,71.875,36127645.50264551
453,4.8458,4.3138,g2,g2,112.5,56547619.047619045
454,4.7305,4.3415,g2,g2,76.5625,38483796.2962963
455,4.7986,4.4128,g2,g2,100.0,50264550.26455026
456,4.8557,4.3881,e8,g2,116.015625,58314732.14285714
457,4.9282,4.4035,e8,g2,125.0,62830687.830687836
458,4.6426,4.3015,g2,g2,47.65625,23954199.73544973
459,4.8541,4.3132,g2,g2,115.625,58118386.24338624
460,4.8618,4.3963,e8,g2,116.40625,58511078.04232804
461,4.8051,4.5121,i82,g2,87.109375,43785135.58201058
462,4.7796,4.3444,g2,g2,93.75,47123015.87301587
463,4.837,4.4251,e8,g2,108.984375,54780505.95238095
464,4.6778,4.4418,g1,g1,57.8125,29059193.12169312
465,4.7669,4.4092,g2,g2,87.5,43981481.48148148
466,4.7502,4.4767,g2,g2,82.8125,41625330.68783069
467,4.8196,4.3084,g2,g2,106.25,53406084.65608465
468,4.7864,4.2767,g2,g2,93.75,47123015.87301587
469,4.8875,4.4854,i82,g2,99.609375,50068204.365079366
470,4.7875,4.396,g2,g2,93.75,47123015.87301587
471,4.7717,4.2894,g2,g2,90.625,45552248.67724867
472,4.7782,4.3983,g2,g2,90.625,45552248.67724867
473,4.7975,4.478,e8,g2,96.875,48693783.06878307
474,4.9132,4.416,e8,g2,121.484375,61063574.73544974
475,4.7297,4.3173,g2,g2,75.0,37698412.6984127
476,4.8813,4.3825,e8,g2,121.484375,61063574.73544974
477,4.8417,4.2401,g2,g2,112.5,56547619.047619045
478,4.9047,4.2962,g2,g2,131.25,65972222.222222224
479,4.6649,4.3383,g2,g2,54.6875,27488425.92592592
480,4.7401,4.3142,g2,g2,79.6875,40054563.49206349
481,4.9165,4.3429,g2,g2,131.25,65972222.222222224
482,4.9051,4.3673,e8,g2,126.953125,63812417.32804233
483,4.8339,4.4103,g2,g2,109.375,54976851.85185184
484,4.9513,4.5425,i82,g2,74.609375,37502066.7989418
485,4.8797,4.2043,g2,g2,125.0,62830687.830687836
486,4.9347,4.4088,e8,g2,124.21875,62437996.03174604
487,4.7829,4.3626,g2,g2,93.75,47123015.87301587
488,4.7658,4.3461,g2,g2,87.5,43981481.48148148
489,4.8303,4.3447,g2,g2,109.375,54976851.85185184
490,4.8319,4.3209,g2,g2,109.375,54976851.85185184
491,4.8665,4.3843,e8,g2,118.359375,59492807.53968254
492,4.8165,4.4567,e8,g2,101.953125,51246279.76190476
493,4.8074,4.529,i82,g2,79.296875,39858217.59259259
494,4.8184,4.2391,g2,g2,106.25,53406084.65608465
495,4.8035,4.3137,g2,g2,100.0,50264550.26455026
496,4.732,4.4227,g2,g2,76.5625,38483796.2962963
497,4.7222,4.3204,g2,g2,73.4375,36913029.100529104
498,4.8261,4.3733,g2,g2,106.25,53406084.65608465
499,4.8375,4.4164,e8,g2,109.765625,55173197.751322754
500,4.9316,4.4976,i82,g2,94.921875,47712053.57142857
501,4.9061,4.3795,e8,g2,125.78125,63223379.62962963
502,4.9505,4.4341,e8,g2,121.09375,60867228.835978836
503,4.9351,4.3757,e8,g2,129.6875,65186838.624338634
504,4.7686,4.3986,g2,g2,89.0625,44766865.079365075
505,4.711,4.4136,g2,g2,68.75,34556878.306878306
506,4.8399,4.3884,e8,g2,112.109375,56351273.14814815
507,4.8327,4.4524,e8,g2,105.859375,53209738.756613754
508,4.7769,4.3197,g2,g2,90.625,45552248.67724867
509,4.8201,4.4365,e8,g2,104.296875,52424355.15873016
510,4.739,4.3926,g2,g2,79.6875,40054563.49206349
511,4.8242,4.3317,g2,g2,106.25,53406084.65608465
512,4.652,4.4609,g2,g2,50.0,25132275.13227513
513,4.9632,4.3544,e8,g2,135.15625,67935681.21693121
514,4.7604,4.3522,g2,g2,85.9375,43196097.88359788
515,4.8686,4.3955,e2,g1,117.578125,59100115.74074074
516,4.85,4.3841,g2,g2,112.5,56547619.047619045
517,4.8473,4.4441,e8,g2,109.375,54976851.85185184
518,4.9131,4.4022,e8,g2,123.4375,62045304.232804224
519,4.783,4.3453,g2,g2,93.75,47123015.87301587
520,4.9695,4.3541,e8,g2,135.15625,67935681.21693121
521,4.8078,4.3437,g2,g2,103.125,51835317.460317455
522,4.7687,4.4118,g2,g2,89.0625,44766865.079365075
523,4.6831,4.2461,g2,g2,60.9375,30629960.317460313
524,5.0017,4.5039,i82,g2,92.578125,46533978.17460317
525,4.9327,4.4155,e8,g2,123.4375,62045304.232804224
526,4.5967,4.3188,g2,g2,33.984375,17082093.253968254
527,4.6677,4.3669,g2,g2,54.6875,27488425.92592592
528,4.7892,4.5254,i82,g2,80.859375,40643601.19047619
529,4.7945,4.3265,g2,g2,96.875,48693783.06878307
530,4.7974,4.5412,i82,g2,74.609375,37502066.7989418
531,4.7977,4.4086,g2,g2,100.0,50264550.26455026
532,4.6559,4.4166,g2,g2,51.5625,25917658.730158728
533,4.8366,4.3775,e8,g2,112.109375,56351273.14814815
534,4.7421,4.3044,g2,g2,81.25,40839947.08994709
535,5.0007,4.3142,ne5,g1,143.359375,72058945.1058201
536,4.8604,4.4566,e8,g2,110.15625,55369543.65079365
537,4.822,4.2754,g2,g2,106.25,53406084.65608465
538,4.819,4.4337,e8,g2,104.296875,52424355.15873016
539,4.7847,4.4091,g2,g2,93.75,47123015.87301587
540,4.8769,4.3347,g2,g2,125.0,62830687.830687836
541,4.8288,4.3962,g2,g2,106.25,53406084.65608465
542,4.7313,4.4168,g2,g2,76.5625,38483796.2962963
543,4.5709,4.3276,g2,g2,27.34375,13744212.96296296
544,4.778,4.3712,g2,g2,90.625,45552248.67724867
545,4.7593,4.3734,g2,g2,85.9375,43196097.88359788
546,4.8543,4.4331,e8,g2,111.328125,55958581.34920634
547,4.7172,4.4387,g2,g2,71.875,36127645.50264551
548,4.8987,4.4414,e8,g2,116.40625,58511078.04232804
549,4.9077,4.3286,g2,g2,131.25,65972222.222222224
550,4.7948,4.4305,g2,g2,96.875,48693783.06878307
551,4.7142,4.5145,g2,g2,70.3125,35342261.9047619
552,4.6779,4.4689,g2,g2,58.59375,29451884.920634918
553,4.8008,4.3818,g2,g2,100.0,50264550.26455026
554,4.8226,4.3693,g2,g2,106.25,53406084.65608465
555,4.8553,4.2839,g2,g2,118.75,59689153.43915344
556,4.827,4.3257,g2,g2,106.25,53406084.65608465
557,4.7116,4.3553,g2,g2,70.3125,35342261.9047619
558,4.8527,4.2334,g2,g2,115.625,58118386.24338624
559,4.8173,4.2927,g2,g2,106.25,53406084.65608465
560,4.8078,4.2483,g2,g2,100.0,50264550.26455026
561,4.7855,4.3011,g2,g2,93.75,47123015.87301587
562,4.8997,4.4139,e8,g2,120.3125,60474537.03703703
563,4.8973,4.3156,g2,g2,131.25,65972222.222222224
564,4.8993,4.5165,e1,g1,85.546875,42999751.984126985
565,4.7161,4.3506,g2,g2,71.875,36127645.50264551
566,4.9326,4.293,g2,g2,137.5,69113756.61375661
567,4.6884,4.3231,g2,g2,62.5,31415343.915343918
568,4.9328,4.4236,e8,g2,121.875,61259920.63492063
569,4.8073,4.3549,g2,g2,100.0,50264550.26455026
570,4.684,4.3421,g2,g2,60.9375,30629960.317460313
571,4.9306,4.3206,ne5,g1,136.328125,68524718.91534391
572,4.9148,4.4294,e8,g2,119.921875,60278191.137566134
573,4.7471,4.2809,g2,g2,81.25,40839947.08994709
574,4.8647,4.4211,e8,g2,114.453125,57529348.544973545
575,4.7395,4.4392,g2,g2,79.6875,40054563.49206349
576,4.774,4.3222,g2,g2,90.625,45552248.67724867
577,4.818,4.3679,g2,g2,106.25,53406084.65608465
578,4.7989,4.3034,g2,g2,100.0,50264550.26455026
579,4.8297,4.3415,g2,g2,109.375,54976851.85185184
580,4.8287,4.356,g2,g2,106.25,53406084.65608465
581,4.9184,4.326,e8,g2,133.59375,67150297.61904763
582,4.747,4.3834,g2,g2,81.25,40839947.08994709
583,4.9315,4.3118,g2,g2,137.5,69113756.61375661
584,4.8414,4.3921,g2,g2,112.5,56547619.047619045
585,4.7792,4.2745,g2,g2,93.75,47123015.87301587
586,4.7996,4.535,i82,g2,76.953125,38680142.195767194
587,4.6819,4.3688,g2,g2,59.375,29844576.71957672
588,4.6612,4.3798,g2,g2,53.125,26703042.328042325
589,4.6911,4.4278,g2,g2,62.5,31415343.915343918
590,4.7651,4.3901,g2,g2,87.5,43981481.48148148
591,4.8253,4.3838,g2,g2,106.25,53406084.65608465
592,4.9077,4.4321,e8,g2,118.75,59689153.43915344
593,4.8441,4.4025,e8,g2,112.109375,56351273.14814815
594,4.7015,4.2634,g2,g2,67.1875,33771494.70899471
595,4.8456,4.4109,e8,g2,111.71875,56154927.248677246
596,4.8638,4.4057,e8,g2,116.015625,58314732.14285714
597,4.8318,4.3274,g2,g2,109.375,54976851.85185184
598,4.7155,4.3627,g2,g2,71.875,36127645.50264551
599,4.8156,4.4178,e8,g2,104.296875,52424355.15873016
600,4.8918,4.3667,g2,g2,125.0,62830687.830687836
601,4.7552,4.4484,g2,g2,84.375,42410714.285714276
602,4.7601,4.3541,g2,g2,85.9375,43196097.88359788
603,4.7279,4.4805,g2,g2,75.0,37698412.6984127
604,4.7968,4.3293,g2,g2,96.875,48693783.06878307
605,4.8932,4.353,g2,g2,125.0,62830687.830687836
606,4.8712,4.4583,e8,g2,111.328125,55958581.34920634
607,4.6972,4.3906,g2,g2,65.625,32986111.111111112
608,4.9646,4.4481,e1,g1,116.796875,58707423.94179894
609,4.8619,4.3511,g2,g2,118.75,59689153.43915344
610,4.7337,4.3827,g2,g2,78.125,39269179.894179896
611,4.9127,4.2615,g2,g2,131.25,65972222.222222224
612,4.7846,4.4245,g2,g2,93.75,47123015.87301587
613,4.8071,4.2963,g2,g2,100.0,50264550.26455026
614,4.8205,4.3072,g2,g2,106.25,53406084.65608465
615,4.738,4.3349,g2,g2,78.125,39269179.894179896
616,4.8058,4.5362,i82,g2,76.5625,38483796.2962963
617,4.8407,4.4228,e8,g2,109.765625,55173197.751322754
618,4.7666,4.4428,g2,g2,87.5,43981481.48148148
619,4.8559,4.3007,g2,g2,118.75,59689153.43915344
620,4.8283,4.3236,g2,g2,106.25,53406084.65608465
621,4.6866,4.4286,g2,g2,60.9375,30629960.317460313
622,4.7451,4.3101,g2,g2,81.25,40839947.08994709
623,4.6789,4.2315,g2,g2,59.375,29844576.71957672
624,4.7703,4.3667,g2,g2,90.625,45552248.67724867
625,4.8403,4.3458,g2,g2,112.5,56547619.047619045
626,4.6605,4.3429,g2,g2,53.125,26703042.328042325
627,4.8618,4.4332,e8,g2,112.890625,56743964.94708995
628,4.8746,4.2963,g2,g2,125.0,62830687.830687836
629,4.7844,4.4575,g2,g2,93.75,47123015.87301587
630,4.9864,4.5516,i82,g2,70.703125,35538607.8042328
631,4.7884,4.3307,g2,g2,93.75,47123015.87301587
632,4.8948,4.2674,g2,g2,125.0,62830687.830687836
633,4.8177,4.4494,e8,g2,102.734375,51638971.56084656
634,4.9081,4.3309,g2,g2,131.25,65972222.222222224
635,4.8222,4.3559,g2,g2,106.25,53406084.65608465
636,4.7139,4.516,g2,g2,70.3125,35342261.9047619
637,4.7496,4.3124,g2,g2,82.8125,41625330.68783069
638,4.6919,4.4673,g2,g2,62.5,31415343.915343918
639,4.8691,4.4222,e8,g2,115.234375,57922040.34391534
640,4.7235,4.3517,g2,g2,73.4375,36913029.100529104
641,4.7674,4.2519,g2,g2,87.5,43981481.48148148
642,4.8294,4.4231,e8,g2,107.421875,53995122.35449736
643,4.7525,4.3133,g2,g2,84.375,42410714.285714276
644,4.786,4.3072,g2,g2,93.75,47123015.87301587
645,4.8889,4.3448,g2,g2,125.0,62830687.830687836
646,4.8314,4.3894,g2,g2,109.375,54976851.85185184
647,4.659,4.3425,g2,g2,52.34375,26310350.529100526
648,4.7942,4.2766,g2,g2,96.875,48693783.06878307
649,4.705,4.3502,g2,g2,67.1875,33771494.70899471
650,4.7637,4.3068,g2,g2,87.5,43981481.48148148
651,4.8139,4.3804,g2,g2,103.125,51835317.460317455
652,4.7551,4.2423,g2,g2,84.375,42410714.285714276
653,4.8422,4.48,i82,g2,101.171875,50853587.96296296
654,4.6647,4.3995,g2,g2,54.6875,27488425.92592592
655,4.8676,4.4536,e8,g2,111.328125,55958581.34920634
656,4.9002,4.2965,g2,g2,131.25,65972222.222222224
657,4.8406,4.3145,g2,g2,112.5,56547619.047619045
658,4.644,4.3826,g2,g2,47.65625,23954199.73544973
659,4.8215,4.4847,i82,g2,99.609375,50068204.365079366
660,4.7788,4.5188,i82,g2,83.984375,42214368.38624338
661,4.7646,4.5106,g2,g2,87.5,43981481.48148148
662,4.8561,4.3372,g2,g2,118.75,59689153.43915344
663,4.7919,4.2083,g2,g2,96.875,48693783.06878307
664,4.9221,4.4383,e8,g2,118.75,59689153.43915344
665,4.9293,4.3589,e8,g2,131.25,65972222.222222224
666,4.8287,4.3622,g2,g2,106.25,53406084.65608465
667,4.7639,4.4593,g2,g2,87.5,43981481.48148148
668,4.9112,4.3642,e8,g2,128.125,64401455.02645502
669,4.7562,4.3748,g2,g2,84.375,42410714.285714276
670,4.7344,4.437,g2,g2,78.125,39269179.894179896
671,4.7105,4.3445,g2,g2,68.75,34556878.306878306
672,4.8025,4.2897,g2,g2,100.0,50264550.26455026
673,4.741,4.3736,g2,g2,79.6875,40054563.49206349
674,4.7812,4.5257,i82,g2,80.859375,40643601.19047619
675,5.068,4.3468,e2,g1,136.71875,68721064.8148148
676,4.8466,4.3655,g2,g2,112.5,56547619.047619045
677,4.7931,4.4366,g2,g2,96.875,48693783.06878307
678,4.8129,4.4298,g2,g2,103.125,51835317.460317455
679,4.7549,4.3151,g2,g2,84.375,42410714.285714276
680,4.8687,4.2738,g2,g2,118.75,59689153.43915344
681,4.6781,4.3126,g2,g2,58.59375,29451884.920634918
682,4.8249,4.433,e8,g2,105.46875,53013392.85714285
683,4.8957,4.3807,e8,g2,123.828125,62241650.132275134
684,4.8429,4.3933,g2,g2,112.5,56547619.047619045
685,4.7552,4.3619,g2,g2,84.375,42410714.285714276
686,4.8469,4.3603,g2,g2,112.5,56547619.047619045
687,4.7971,4.4223,g2,g2,96.875,48693783.06878307
688,4.8091,4.4125,g2,g2,103.125,51835317.460317455
689,4.8664,4.2655,g2,g2,118.75,59689153.43915344
690,4.7176,4.3152,g2,g2,71.875,36127645.50264551
691,4.8244,4.3655,g2,g2,106.25,53406084.65608465
692,4.8626,4.2841,g2,g2,118.75,59689153.43915344
693,4.8244,4.4171,g2,g2,106.25,53406084.65608465
694,4.6857,4.2604,g2,g2,60.9375,30629960.317460313
695,4.9368,4.2907,g2,g2,137.5,69113756.61375661
696,4.8173,4.4095,e8,g2,105.46875,53013392.85714285
697,4.9239,4.3927,e8,g2,125.78125,63223379.62962963
698,4.7069,4.4456,g2,g2,68.75,34556878.306878306
699,4.7579,4.392,g1,g1,84.375,42410714.285714276
700,4.725,4.3606,g2,g2,75.0,37698412.6984127
701,4.6958,4.3017,g2,g2,64.0625,32200727.51322751
702,4.7457,4.4031,g2,g2,81.25,40839947.08994709
703,4.8246,4.5766,i82,g2,59.765625,30040922.619047616
704,4.8932,4.3552,g2,g2,125.0,62830687.830687836
705,4.8007,4.3997,g2,g2,100.0,50264550.26455026
706,5.0731,4.2653,ne5,g1,152.734375,76771246.69312169
707,4.7438,4.3231,g2,g2,81.25,40839947.08994709
708,4.6981,4.3082,g2,g2,65.625,32986111.111111112
709,4.845,4.3313,g2,g2,112.5,56547619.047619045
710,4.8739,4.3996,e8,g2,118.359375,59492807.53968254
711,4.8314,4.3535,g2,g2,109.375,54976851.85185184
712,4.8332,4.3954,g2,g2,109.375,54976851.85185184
713,4.7122,4.3576,g2,g2,70.3125,35342261.9047619
714,4.8342,4.4924,i82,g2,96.484375,48497437.16931217
715,4.7269,4.5809,i82,g2,57.421875,28862847.22222222
716,4.7719,4.2982,g2,g2,90.625,45552248.67724867
717,4.8288,4.3357,g2,g2,106.25,53406084.65608465
718,4.6998,4.387,g2,g2,65.625,32986111.111111112
719,4.8808,4.3016,g2,g2,125.0,62830687.830687836
720,4.726,4.3583,g2,g2,75.0,37698412.6984127
721,4.8975,4.349,e8,g2,127.734375,64205109.12698413
722,4.8992,4.3276,e8,g2,130.46875,65579530.42328042
723,4.6828,4.3762,g2,g2,60.15625,30237268.518518515
724,4.9227,4.3173,e8,g2,135.546875,68132027.11640212
725,4.8177,4.2717,g2,g2,106.25,53406084.65608465
726,4.8483,4.3614,g2,g2,112.5,56547619.047619045
727,4.7752,4.3443,g2,g2,90.625,45552248.67724867
728,4.7491,4.3619,g2,g2,82.8125,41625330.68783069
729,4.6751,4.2894,g2,g2,57.8125,29059193.12169312
730,4.8949,4.4135,e8,g2,119.921875,60278191.137566134
731,4.7756,4.4085,g2,g2,90.625,45552248.67724867
732,4.8007,4.3816,g2,g2,100.0,50264550.26455026
733,4.97,4.3606,e8,g2,134.375,67542989.41798942
734,4.8332,4.4155,e8,g2,108.984375,54780505.95238095
735,4.947,4.4165,e8,g2,123.828125,62241650.132275134
736,4.7286,4.4144,g2,g2,75.0,37698412.6984127
737,4.8304,4.2459,g2,g2,109.375,54976851.85185184
738,4.8225,4.3578,g2,g2,106.25,53406084.65608465
739,4.7324,4.3309,g2,g2,76.5625,38483796.2962963
740,4.7691,4.4846,g2,g2,89.0625,44766865.079365075
741,4.8257,4.4116,g2,g2,106.25,53406084.65608465
742,4.8491,4.3443,g2,g2,112.5,56547619.047619045
743,4.8251,4.3709,g2,g2,106.25,53406084.65608465
744,4.701,4.3181,g2,g2,65.625,32986111.111111112
745,4.8454,4.5063,i82,g2,90.234375,45355902.777777776
746,4.7603,4.3415,g2,g2,85.9375,43196097.88359788
747,5.0089,4.346,e8,g2,138.28125,69506448.41269842
748,4.837,4.3267,g2,g2,112.5,56547619.047619045
749,4.9314,4.3494,e8,g2,132.8125,66757605.82010581
750,4.7176,4.3444,g2,g2,71.875,36127645.50264551
751,4.7888,4.3242,g2,g2,93.75,47123015.87301587
752,4.8235,4.3349,g2,g2,106.25,53406084.65608465
753,4.8073,4.31,g2,g2,100.0,50264550.26455026
754,4.9038,4.3334,e8,g2,130.46875,65579530.42328042
755,4.701,4.4422,g2,g2,65.625,32986111.111111112
756,4.8449,4.3651,g2,g2,112.5,56547619.047619045
757,4.8808,4.2647,g2,g2,125.0,62830687.830687836
758,4.8617,4.449,e8,g2,110.9375,55762235.44973544
759,4.7637,4.2953,g2,g2,87.5,43981481.48148148
760,4.7333,4.2619,g2,g2,78.125,39269179.894179896
761,4.8693,4.3497,g2,g2,118.75,59689153.43915344
762,4.8625,4.4613,e8,g2,110.15625,55369543.65079365
763,4.9119,4.33,g2,g2,131.25,65972222.222222224
764,4.843,4.3396,g2,g2,112.5,56547619.047619045
765,4.8425,4.4105,e8,g2,111.328125,55958581.34920634
766,4.7559,4.2566,g2,g2,84.375,42410714.285714276
767,4.8263,4.3463,g2,g2,106.25,53406084.65608465
768,4.8309,4.2806,g2,g2,109.375,54976851.85185184
769,4.8775,4.3052,g2,g2,125.0,62830687.830687836
770,4.7977,4.4191,e8,g2,99.609375,50068204.365079366
771,4.733,4.2726,g2,g2,78.125,39269179.894179896
772,4.911,4.3512,e8,g2,129.6875,65186838.624338634
773,4.8138,4.3941,g2,g2,103.125,51835317.460317455
774,4.7437,4.3689,g2,g2,81.25,40839947.08994709
775,4.8973,4.4237,e8,g2,118.75,59689153.43915344
776,4.6758,4.4219,g2,g2,57.8125,29059193.12169312
777,4.6201,4.4217,g2,g2,40.625,20419973.544973545
778,4.7692,4.2722,g2,g2,89.0625,44766865.079365075
779,4.848,4.4793,i82,g2,101.953125,51246279.76190476
780,4.8189,4.416,e8,g2,105.46875,53013392.85714285
781,4.7932,4.3989,g2,g2,96.875,48693783.06878307
782,4.7296,4.1669,g2,g2,75.0,37698412.6984127
783,4.8053,4.3069,g2,g2,100.0,50264550.26455026
784,4.6966,4.3409,g2,g2,64.84375,32593419.312169317
785,4.7048,4.4071,g2,g2,67.1875,33771494.70899471
786,4.7241,4.2792,g2,g2,75.0,37698412.6984127
787,4.7527,4.3636,g2,g2,84.375,42410714.285714276
788,4.6269,4.4153,g2,g2,42.96875,21598048.94179894
789,4.8604,4.3593,g2,g2,118.75,59689153.43915344
790,4.7924,4.4311,g2,g2,96.875,48693783.06878307
791,4.9976,4.2546,g1,g1,150.0,75396825.3968254
792,4.8323,4.2109,g2,g2,109.375,54976851.85185184
793,4.8546,4.4653,i82,g2,108.203125,54387814.15343915
794,4.827,4.4261,g2,g2,106.25,53406084.65608465
795,4.8447,4.3331,g2,g2,112.5,56547619.047619045
796,4.8539,4.3639,g1,g1,115.625,58118386.24338624
797,4.8353,4.3399,g2,g2,112.5,56547619.047619045
798,4.8411,4.4043,e8,g2,111.328125,55958581.34920634
799,4.8193,4.3468,g2,g2,106.25,53406084.65608465
800,4.8443,4.5797,i82,g2,58.203125,29255539.02116402
801,4.7546,4.3061,g2,g2,84.375,42410714.285714276
802,4.7329,4.4202,g2,g2,78.125,39269179.894179896
803,4.8392,4.2408,g2,g2,112.5,56547619.047619045
804,4.8653,4.3778,g2,g2,118.75,59689153.43915344
805,4.705,4.4791,g2,g2,67.1875,33771494.70899471
806,4.7608,4.1229,g2,g2,84.375,42410714.285714276
807,4.8085,4.414,e8,g2,102.734375,51638971.56084656
808,4.8855,4.2665,g2,g2,125.0,62830687.830687836
809,4.8287,4.3507,g2,g2,106.25,53406084.65608465
810,4.6648,4.5505,g2,g2,54.6875,27488425.92592592
811,4.8394,4.3943,e8,g2,111.71875,56154927.248677246
812,4.7653,4.2675,g2,g2,87.5,43981481.48148148
813,4.7725,4.4322,g2,g2,90.625,45552248.67724867
814,4.6593,4.3935,g1,g1,52.34375,26310350.529100526
815,4.6987,4.2727,g2,g2,65.625,32986111.111111112
816,4.7372,4.4106,g2,g2,78.125,39269179.894179896
817,4.8089,4.2683,g2,g2,103.125,51835317.460317455
818,4.7968,4.4348,g2,g2,96.875,48693783.06878307
819,4.8458,4.4079,e8,g2,112.109375,56351273.14814815
820,4.7999,4.3889,g2,g2,100.0,50264550.26455026
821,4.8182,4.3732,g2,g2,106.25,53406084.65608465
822,4.9355,4.2948,g2,g2,137.5,69113756.61375661
823,4.8268,4.2841,g2,g2,106.25,53406084.65608465
824,4.8318,4.3036,g2,g2,109.375,54976851.85185184
825,4.8989,4.354,e8,g2,127.34375,64008763.227513224
826,4.9624,4.287,g2,g2,143.75,72255291.00529101
827,4.7483,4.4353,g2,g2,81.25,40839947.08994709
828,4.9573,4.3695,e8,g2,132.03125,66364914.021164015
829,4.7603,4.49,g2,g2,85.9375,43196097.88359788
830,4.9144,4.3461,e8,g2,130.859375,65775876.32275131
831,4.8705,4.3569,g2,g2,118.75,59689153.43915344
832,4.9685,4.3974,e2,g1,127.734375,64205109.12698413
833,4.7961,4.2941,g2,g2,96.875,48693783.06878307
834,4.854,4.4915,i82,g2,96.484375,48497437.16931217
835,4.8188,4.2487,g2,g2,106.25,53406084.65608465
836,4.8536,4.2794,g2,g2,115.625,58118386.24338624
837,4.8258,4.1564,g2,g2,106.25,53406084.65608465
838,4.8762,4.3023,g2,g2,125.0,62830687.830687836
839,4.99,4.4893,i82,g2,98.828125,49675512.56613757
840,4.85,4.2905,g1,g1,112.5,56547619.047619045
841,4.707,4.3829,g2,g2,68.75,34556878.306878306
842,4.8215,4.2905,g2,g2,106.25,53406084.65608465
843,4.8129,4.3691,g2,g2,103.125,51835317.460317455
844,4.9309,4.312,ne5,g1,137.109375,68917410.71428572
845,4.8962,4.31,g2,g2,131.25,65972222.222222224
846,4.6878,4.3134,g2,g2,62.5,31415343.915343918
847,4.8047,4.4196,g2,g2,100.0,50264550.26455026
848,4.798,4.3026,g2,g2,100.0,50264550.26455026
849,4.908,4.3531,e8,g2,128.90625,64794146.82539683
850,4.8321,4.3907,g2,g2,109.375,54976851.85185184
851,4.7488,4.3181,g2,g2,81.25,40839947.08994709
852,4.8231,4.2287,g2,g2,106.25,53406084.65608465
853,4.9329,4.3886,e8,g2,127.34375,64008763.227513224
854,4.8934,4.2472,g2,g2,125.0,62830687.830687836
855,4.8014,4.3859,g2,g2,100.0,50264550.26455026
856,4.8925,4.4208,e8,g2,118.75,59689153.43915344
857,4.7986,4.379,g2,g2,100.0,50264550.26455026
858,4.7196,4.4244,g2,g2,71.875,36127645.50264551
859,4.9608,4.3145,ne5,g1,141.015625,70880869.7089947
860,4.8429,4.2743,g2,g2,112.5,56547619.047619045
861,4.7511,4.2996,g2,g2,82.8125,41625330.68783069
862,4.9081,4.3428,e8,g2,130.46875,65579530.42328042
863,4.7829,4.425,g2,g2,93.75,47123015.87301587
864,4.9184,4.3011,ne5,g1,136.328125,68524718.91534391
865,4.9454,4.3103,ne5,g1,139.453125,70095486.1111111
866,4.8964,4.3981,e8,g2,121.875,61259920.63492063
867,4.8175,4.3954,g2,g2,106.25,53406084.65608465
868,4.8983,4.3383,e8,g2,128.90625,64794146.82539683
869,4.816,4.3306,g2,g2,106.25,53406084.65608465
870,4.7447,4.3883,g2,g2,81.25,40839947.08994709
871,4.7805,4.3178,g2,g2,93.75,47123015.87301587
872,4.8354,4.3627,g2,g2,112.5,56547619.047619045
873,4.9504,4.3155,ne5,g1,139.453125,70095486.1111111
874,4.7687,4.4797,g2,g2,89.0625,44766865.079365075
875,4.7871,4.2635,g2,g2,93.75,47123015.87301587
876,4.7763,4.2576,g2,g2,90.625,45552248.67724867
877,4.6886,4.3545,g2,g2,62.5,31415343.915343918
878,4.8434,4.3133,g2,g2,112.5,56547619.047619045
879,4.8694,4.2966,g2,g2,118.75,59689153.43915344
880,4.7882,4.4102,g2,g2,93.75,47123015.87301587
881,4.7744,4.4943,g2,g2,90.625,45552248.67724867
882,4.7759,4.3221,g2,g2,90.625,45552248.67724867
883,4.6949,4.4078,g2,g2,64.0625,32200727.51322751
884,4.8665,4.4938,i82,g2,95.703125,48104745.370370366
885,4.8614,4.4469,e8,g2,111.328125,55958581.34920634
886,4.9252,4.3432,e8,g2,132.8125,66757605.82010581
887,4.7589,4.5658,i82,g2,63.671875,32004381.613756612
888,4.6925,4.3064,g2,g2,64.0625,32200727.51322751
889,4.9158,4.3711,e8,g2,128.125,64401455.02645502
890,4.7761,4.3391,g2,g2,90.625,45552248.67724867
891,4.7203,4.3387,g2,g2,73.4375,36913029.100529104
892,4.951,4.5266,i82,g2,81.640625,41036292.989417985
893,4.8582,4.4625,e8,g2,109.375,54976851.85185184
894,4.7966,4.4474,g1,g1,96.875,48693783.06878307
895,4.9332,4.3728,e8,g2,129.6875,65186838.624338634
896,4.8005,4.3834,g2,g2,100.0,50264550.26455026
897,4.8035,4.371,g2,g2,100.0,50264550.26455026
898,4.8062,4.3081,g2,g2,100.0,50264550.26455026
899,4.8314,4.3539,g2,g2,109.375,54976851.85185184
900,4.7791,4.2866,g2,g2,93.75,47123015.87301587
901,4.7727,4.3842,g2,g2,90.625,45552248.67724867
902,4.6864,4.3586,g2,g2,60.9375,30629960.317460313
903,4.7885,4.2939,g2,g2,93.75,47123015.87301587
904,4.6833,4.3215,g2,g2,60.9375,30629960.317460313
905,4.8995,4.394,e8,g2,122.65625,61652612.433862425
906,4.8225,4.4526,e8,g2,103.90625,52228009.259259254
907,4.9178,4.4198,e8,g2,121.484375,61063574.73544974
908,4.7024,4.3854,g2,g2,67.1875,33771494.70899471
909,4.7969,4.3441,g2,g2,96.875,48693783.06878307
910,4.7356,4.3562,g2,g2,78.125,39269179.894179896
911,4.7943,4.2509,g2,g2,96.875,48693783.06878307
912,4.6826,4.3634,g1,g1,60.15625,30237268.518518515
913,4.672,4.4257,g2,g2,56.25,28273809.523809522
914,4.9208,4.3655,e8,g2,129.296875,64990492.724867724
915,4.8556,4.3956,e8,g2,115.234375,57922040.34391534
916,4.837,4.4625,e8,g2,105.859375,53209738.756613754
917,4.7132,4.4862,g2,g2,70.3125,35342261.9047619
918,4.8372,4.4711,e8,g2,105.078125,52817046.95767196
919,4.6504,4.4497,g2,g2,50.0,25132275.13227513
920,4.8655,4.3247,g2,g2,118.75,59689153.43915344
921,4.9238,4.3817,e8,g2,127.34375,64008763.227513224
922,4.8354,4.2992,g2,g2,112.5,56547619.047619045
923,4.7768,4.3646,g2,g2,90.625,45552248.67724867
924,4.8128,4.4032,g2,g2,103.125,51835317.460317455
925,4.7922,4.3634,g2,g2,96.875,48693783.06878307
926,4.6645,4.4222,g2,g2,54.6875,27488425.92592592
927,4.8257,4.4654,e8,g2,103.515625,52031663.35978836
928,4.9681,4.3726,e8,g2,132.03125,66364914.021164015
929,4.7792,4.2866,g2,g2,93.75,47123015.87301587
930,4.6901,4.4386,g2,g2,62.5,31415343.915343918
931,4.8548,4.3084,g2,g2,118.75,59689153.43915344
932,4.9967,4.481,i82,g2,102.734375,51638971.56084656
933,4.6958,4.5431,g2,g2,64.0625,32200727.51322751
934,4.7893,4.2076,g2,g2,96.875,48693783.06878307
935,4.6886,4.3183,g2,g2,62.5,31415343.915343918
936,4.7373,4.3285,g2,g2,78.125,39269179.894179896
937,5.006,4.3563,e8,g2,135.9375,68328373.01587301
938,4.8095,4.4603,e8,g2,100.390625,50460896.16402116
939,4.8932,4.2923,g2,g2,125.0,62830687.830687836
940,4.7359,4.5432,i82,g2,73.046875,36716683.201058194
941,4.9311,4.338,e8,g2,134.375,67542989.41798942
942,4.8467,4.3895,g2,g2,112.5,56547619.047619045
943,4.6681,4.386,g2,g2,55.46875,27881117.72486772
944,4.8448,4.3347,g2,g2,112.5,56547619.047619045
945,4.7946,4.2686,g2,g2,96.875,48693783.06878307
946,4.885,4.3438,g2,g2,125.0,62830687.830687836
947,4.8543,4.3144,g2,g2,115.625,58118386.24338624
948,4.8457,4.4129,e8,g2,111.71875,56154927.248677246
949,4.732,4.3665,g2,g2,76.5625,38483796.2962963
950,4.8204,4.4289,e8,g2,104.6875,52620701.05820105
951,4.7147,4.4407,g1,g1,70.3125,35342261.9047619
952,4.8498,4.3643,g2,g2,112.5,56547619.047619045
953,4.8643,4.4188,e8,g2,114.453125,57529348.544973545
954,4.7764,4.3813,g2,g2,90.625,45552248.67724867
955,4.8209,4.4183,e8,g2,105.859375,53209738.756613754
956,4.8827,4.2712,g2,g2,125.0,62830687.830687836
957,4.8029,4.3629,g2,g2,100.0,50264550.26455026
958,4.8811,4.3571,e8,g2,123.828125,62241650.132275134
959,5.0262,4.466,e1,g1,108.984375,54780505.95238095
960,4.8331,4.3337,g2,g2,109.375,54976851.85185184
961,4.8887,4.3053,g2,g2,125.0,62830687.830687836
962,4.7879,4.4794,g2,g2,93.75,47123015.87301587
963,4.7269,4.4264,g2,g2,75.0,37698412.6984127
964,4.8492,4.3121,g2,g2,112.5,56547619.047619045
965,4.8632,4.4979,i82,g2,94.140625,47319361.772486776
966,4.7933,4.4568,g2,g2,96.875,48693783.06878307
967,4.8062,4.4601,e8,g2,99.609375,50068204.365079366
968,4.7982,4.3777,g2,g2,100.0,50264550.26455026
969,4.8124,4.4673,e8,g2,100.78125,50657242.06349206
970,4.7852,4.41,g2,g2,93.75,47123015.87301587
971,4.8582,4.4263,e8,g2,112.890625,56743964.94708995
972,4.8941,4.4008,e8,g2,121.09375,60867228.835978836
973,4.6776,4.4457,g2,g2,57.8125,29059193.12169312
974,4.7352,4.4444,g2,g2,78.125,39269179.894179896
975,4.7704,4.2992,g2,g2,90.625,45552248.67724867
976,4.7568,4.5321,i82,g2,78.515625,39465525.79365079
977,4.723,4.5469,i82,g2,72.265625,36323991.4021164
978,4.8197,4.4722,e8,g2,101.5625,51049933.86243386
979,4.6464,4.3978,g2,g2,48.4375,24346891.534391534
980,4.9122,4.403,e8,g2,123.4375,62045304.232804224
981,4.7852,4.3463,g2,g2,93.75,47123015.87301587
982,4.8068,4.3493,g2,g2,100.0,50264550.26455026
983,4.8437,4.431,e8,g2,109.765625,55173197.751322754
984,4.6954,4.425,g2,g2,64.0625,32200727.51322751
985,4.8683,4.4074,e8,g2,116.40625,58511078.04232804
986,4.732,4.3456,g2,g2,76.5625,38483796.2962963
987,4.8954,4.3943,e8,g2,122.265625,61456266.53439154
988,4.7665,4.3427,g2,g2,87.5,43981481.48148148
989,4.8012,4.4088,g2,g2,100.0,50264550.26455026
990,4.7459,4.439,g2,g2,81.25,40839947.08994709
991,4.8282,4.4845,i82,g2,99.609375,50068204.365079366
992,4.8557,4.2332,g2,g2,118.75,59689153.43915344
993,4.7131,4.2782,g2,g2,70.3125,35342261.9047619
994,4.8595,4.2947,g2,g2,118.75,59689153.43915344
995,4.7412,4.3659,g2,g2,79.6875,40054563.49206349
996,4.9503,4.4198,e8,g2,123.4375,62045304.232804224
997,4.8949,4.244,g2,g2,125.0,62830687.830687836
998,4.732,4.3552,g2,g2,76.5625,38483796.2962963
999,4.7146,4.2583,g2,g2,70.3125,35342261.9047619
1000,4.8996,4.4644,i82,g2,108.984375,54780505.95238095
